insert into crowdfunding_platform.campaign (id, creator_id, created_at, deadline, is_enabled, is_private, goal, title, banner, thumbnail, "description") values ('759e84aa-3490-4401-a1e8-bdec96591373', '5f2d83e5-1587-41e7-b290-0c8dbc75941b', '2020-12-01', '2025-01-06', false, false, '1780', 'Vision-oriented uniform knowledge user', 'http://dummyimage.com/1032x441.png/cc0000/ffffff', 'http://dummyimage.com/640x681.png/dddddd/000000', 'auctor gravida sem praesent id massa id nisl venenatis lacinia aenean sit amet justo morbi ut odio cras mi pede malesuada in imperdiet et commodo vulputate justo in blandit ultrices enim lorem ipsum dolor sit amet consectetuer adipiscing elit proin interdum mauris non ligula pellentesque ultrices phasellus id sapien in sapien iaculis congue vivamus metus arcu adipiscing molestie hendrerit at vulputate vitae nisl aenean lectus pellentesque eget nunc donec quis orci eget orci vehicula condimentum curabitur in libero ut massa volutpat convallis morbi odio odio elementum eu interdum eu tincidunt in leo maecenas pulvinar lobortis est phasellus sit amet erat nulla tempus vivamus in felis eu sapien cursus vestibulum proin eu mi nulla ac enim in tempor turpis nec euismod scelerisque quam turpis adipiscing lorem vitae mattis nibh ligula nec sem duis aliquam convallis nunc proin at turpis a pede posuere nonummy integer non velit');
insert into crowdfunding_platform.campaign (id, creator_id, created_at, deadline, is_enabled, is_private, goal, title, banner, thumbnail, "description") values ('925db060-279d-4f8e-a22f-3f0aa510de07', 'cd51897a-21ba-4dba-9477-1d0db4803d68', '2020-12-01', '2025-11-30', false, true, '75717', 'Right-sized reciprocal support', 'http://dummyimage.com/1174x664.png/cc0000/ffffff', 'http://dummyimage.com/674x634.png/dddddd/000000', 'non interdum in ante vestibulum ante ipsum primis in faucibus orci luctus et ultrices posuere cubilia curae duis faucibus accumsan odio curabitur convallis duis consequat dui nec nisi volutpat eleifend donec ut dolor morbi vel lectus in quam fringilla rhoncus mauris enim leo rhoncus sed vestibulum sit amet cursus id turpis integer aliquet massa id lobortis convallis tortor risus dapibus augue vel accumsan tellus nisi eu orci mauris lacinia sapien quis libero nullam sit amet turpis elementum ligula vehicula');
insert into crowdfunding_platform.campaign (id, creator_id, created_at, deadline, is_enabled, is_private, goal, title, banner, thumbnail, "description") values ('1c47d481-b3e4-4167-9385-4745fc309e8a', '5f2d83e5-1587-41e7-b290-0c8dbc75941b', '2020-12-01', '2025-02-07', false, true, '997127', 'Virtual asynchronous secured line', 'http://dummyimage.com/650x459.png/dddddd/000000', 'http://dummyimage.com/744x675.png/ff4444/ffffff', 'et ultrices posuere cubilia curae donec pharetra magna vestibulum aliquet ultrices erat tortor sollicitudin mi sit amet lobortis sapien sapien non mi integer ac neque duis bibendum morbi non quam nec dui luctus rutrum nulla tellus in sagittis dui vel nisl duis ac nibh fusce lacus purus aliquet at feugiat non pretium quis lectus suspendisse potenti in eleifend quam a odio in hac habitasse platea dictumst maecenas');
insert into crowdfunding_platform.campaign (id, creator_id, created_at, deadline, is_enabled, is_private, goal, title, banner, thumbnail, "description") values ('e86d2351-6a79-4f1c-b4f5-0b4df14ae9b2', 'cd51897a-21ba-4dba-9477-1d0db4803d68', '2020-12-01', '2025-03-20', true, false, '16577', 'Seamless fault-tolerant service-desk', 'http://dummyimage.com/1018x685.png/5fa2dd/ffffff', 'http://dummyimage.com/670x529.png/ff4444/ffffff', 'in sagittis dui vel nisl duis ac nibh fusce lacus purus aliquet at feugiat non pretium quis lectus suspendisse potenti in eleifend quam a odio in hac habitasse platea dictumst maecenas ut massa quis augue luctus tincidunt nulla mollis molestie lorem quisque ut erat curabitur gravida nisi at nibh in hac');
insert into crowdfunding_platform.campaign (id, creator_id, created_at, deadline, is_enabled, is_private, goal, title, banner, thumbnail, "description") values ('55da871e-e21c-49e2-b2dc-9cd821b3c918', '5f2d83e5-1587-41e7-b290-0c8dbc75941b', '2020-12-01', '2025-10-02', false, true, '96', 'Ergonomic intermediate ability', 'http://dummyimage.com/1043x676.png/cc0000/ffffff', 'http://dummyimage.com/755x687.png/cc0000/ffffff', 'duis bibendum morbi non quam nec dui luctus rutrum nulla tellus in sagittis dui vel nisl duis ac nibh fusce lacus purus aliquet at feugiat non pretium quis lectus suspendisse potenti in eleifend quam a odio in hac habitasse platea dictumst maecenas ut massa quis augue luctus tincidunt nulla mollis molestie lorem quisque ut erat curabitur gravida nisi at nibh in hac habitasse platea');
insert into crowdfunding_platform.campaign (id, creator_id, created_at, deadline, is_enabled, is_private, goal, title, banner, thumbnail, "description") values ('2812905c-d9b1-405a-8561-bfa1f7a306e6', 'cd51897a-21ba-4dba-9477-1d0db4803d68', '2020-12-01', '2021-10-04', false, false, '94149', 'Open-architected demand-driven intranet', 'http://dummyimage.com/772x497.png/cc0000/ffffff', 'http://dummyimage.com/553x750.png/5fa2dd/ffffff', 'nec euismod scelerisque quam turpis adipiscing lorem vitae mattis nibh ligula nec sem duis aliquam convallis nunc proin at turpis a pede posuere nonummy integer non velit donec diam neque vestibulum eget vulputate ut ultrices vel augue vestibulum ante ipsum primis in faucibus orci luctus et ultrices posuere cubilia curae donec pharetra magna vestibulum aliquet ultrices erat tortor sollicitudin mi sit amet lobortis sapien sapien non mi integer ac neque duis bibendum morbi non quam nec dui luctus rutrum nulla tellus in sagittis dui vel nisl duis ac nibh fusce lacus purus aliquet at feugiat non pretium quis lectus suspendisse potenti in eleifend quam a odio in hac habitasse platea dictumst maecenas ut massa quis augue luctus tincidunt nulla mollis molestie lorem quisque ut erat curabitur gravida nisi at nibh in hac habitasse platea dictumst aliquam augue quam sollicitudin vitae consectetuer eget rutrum at lorem integer tincidunt ante vel ipsum praesent blandit lacinia erat vestibulum sed magna');
insert into crowdfunding_platform.campaign (id, creator_id, created_at, deadline, is_enabled, is_private, goal, title, banner, thumbnail, "description") values ('a272dfd5-6110-44de-a8b1-d00b7662da6c', '5f2d83e5-1587-41e7-b290-0c8dbc75941b', '2020-12-01', '2025-02-14', false, true, '14404', 'Horizontal heuristic protocol', 'http://dummyimage.com/834x419.png/5fa2dd/ffffff', 'http://dummyimage.com/710x512.png/dddddd/000000', 'cum sociis natoque penatibus et magnis dis parturient montes nascetur ridiculus mus vivamus vestibulum sagittis sapien cum sociis natoque penatibus et magnis dis parturient montes nascetur ridiculus mus etiam vel augue vestibulum rutrum rutrum neque aenean auctor gravida sem praesent id massa id nisl venenatis lacinia aenean sit amet justo morbi ut odio cras mi pede malesuada in imperdiet et commodo vulputate justo in blandit ultrices enim lorem ipsum dolor sit amet consectetuer adipiscing elit proin interdum mauris non ligula pellentesque ultrices phasellus id sapien in sapien iaculis congue vivamus metus arcu adipiscing molestie hendrerit at vulputate vitae nisl aenean lectus pellentesque eget nunc donec quis orci eget orci vehicula condimentum curabitur in libero ut massa volutpat convallis morbi odio odio elementum eu interdum eu tincidunt in leo maecenas pulvinar lobortis est phasellus sit amet erat nulla tempus vivamus in felis eu sapien cursus vestibulum proin eu mi nulla ac enim in tempor turpis nec euismod scelerisque quam turpis adipiscing');
insert into crowdfunding_platform.campaign (id, creator_id, created_at, deadline, is_enabled, is_private, goal, title, banner, thumbnail, "description") values ('71bb2f77-dcd1-4006-aead-a19c538f2386', 'cd51897a-21ba-4dba-9477-1d0db4803d68', '2020-12-01', '2025-03-05', false, false, '180699', 'Function-based content-based initiative', 'http://dummyimage.com/779x372.png/ff4444/ffffff', 'http://dummyimage.com/752x697.png/cc0000/ffffff', 'lectus vestibulum quam sapien varius ut blandit non interdum in ante vestibulum ante ipsum primis in faucibus orci luctus et ultrices posuere cubilia curae duis faucibus accumsan odio curabitur convallis duis consequat dui nec nisi volutpat eleifend donec ut dolor morbi vel lectus in quam fringilla rhoncus mauris enim leo rhoncus sed vestibulum sit amet cursus id turpis integer aliquet massa id lobortis convallis tortor risus dapibus augue vel accumsan tellus nisi eu orci mauris lacinia sapien quis libero nullam sit amet turpis elementum ligula vehicula consequat morbi a ipsum integer a nibh in quis justo maecenas rhoncus aliquam lacus morbi quis tortor id nulla ultrices aliquet maecenas leo odio condimentum id luctus nec molestie sed justo pellentesque viverra pede ac diam cras pellentesque volutpat dui maecenas');
insert into crowdfunding_platform.campaign (id, creator_id, created_at, deadline, is_enabled, is_private, goal, title, banner, thumbnail, "description") values ('df8476d7-4274-44f2-9364-4c8bdca35a68', '5f2d83e5-1587-41e7-b290-0c8dbc75941b', '2020-12-01', '2025-11-03', true, true, '10800', 'User-friendly global solution', 'http://dummyimage.com/1256x402.png/cc0000/ffffff', 'http://dummyimage.com/542x625.png/dddddd/000000', 'morbi non lectus aliquam sit amet diam in magna bibendum imperdiet nullam orci pede venenatis non sodales sed tincidunt eu felis fusce posuere felis sed lacus morbi sem mauris laoreet ut rhoncus aliquet pulvinar sed nisl nunc rhoncus dui vel sem sed sagittis nam congue risus semper porta volutpat quam pede lobortis ligula sit amet eleifend pede libero quis orci nullam molestie nibh in lectus pellentesque at nulla suspendisse potenti cras in purus eu magna vulputate luctus cum sociis natoque penatibus et magnis dis parturient montes nascetur ridiculus mus vivamus vestibulum sagittis sapien cum sociis natoque penatibus et magnis dis parturient montes nascetur ridiculus mus etiam vel augue vestibulum');
insert into crowdfunding_platform.campaign (id, creator_id, created_at, deadline, is_enabled, is_private, goal, title, banner, thumbnail, "description") values ('244f84d3-05e3-4941-9301-2a7265063bca', 'cd51897a-21ba-4dba-9477-1d0db4803d68', '2020-12-01', '2025-02-14', true, true, '16', 'Balanced zero administration data-warehouse', 'http://dummyimage.com/839x636.png/5fa2dd/ffffff', 'http://dummyimage.com/751x752.png/cc0000/ffffff', 'turpis eget elit sodales scelerisque mauris sit amet eros suspendisse accumsan tortor quis turpis sed ante vivamus tortor duis mattis egestas metus aenean fermentum donec ut mauris eget massa tempor convallis nulla neque libero convallis eget eleifend luctus ultricies eu nibh quisque id justo sit amet sapien dignissim vestibulum vestibulum ante ipsum primis in faucibus orci luctus et ultrices posuere cubilia curae nulla dapibus dolor vel est donec odio justo sollicitudin ut suscipit a feugiat et eros vestibulum ac est lacinia nisi venenatis tristique fusce congue diam id ornare imperdiet sapien urna pretium nisl ut volutpat sapien arcu sed augue aliquam erat volutpat in congue etiam justo etiam pretium iaculis justo in hac habitasse platea dictumst etiam faucibus cursus urna ut tellus nulla ut erat id mauris vulputate elementum nullam varius nulla facilisi cras non velit nec nisi vulputate nonummy maecenas tincidunt lacus at velit vivamus vel nulla eget eros elementum pellentesque quisque porta');

-- Campaign likes
insert into crowdfunding_platform.campaign_like(user_id, campaign_id) values ('4d0fc644-c097-4fac-a93e-2be5d6724ab1', '759e84aa-3490-4401-a1e8-bdec96591373');
insert into crowdfunding_platform.campaign_like(user_id, campaign_id) values ('39e90155-5027-454b-8e38-7195f5600585', '759e84aa-3490-4401-a1e8-bdec96591373');
insert into crowdfunding_platform.campaign_like(user_id, campaign_id) values ('2e0da836-6d71-415d-b502-daea562f0fea', '759e84aa-3490-4401-a1e8-bdec96591373');
insert into crowdfunding_platform.campaign_like(user_id, campaign_id) values ('03e6246a-7768-42b1-a39d-61ad4f6ec402', '759e84aa-3490-4401-a1e8-bdec96591373');
insert into crowdfunding_platform.campaign_like(user_id, campaign_id) values ('4d0fc644-c097-4fac-a93e-2be5d6724ab1', '71bb2f77-dcd1-4006-aead-a19c538f2386');

-- Campaign dislikes
insert into crowdfunding_platform.campaign_dislike(user_id, campaign_id) values ('4d0fc644-c097-4fac-a93e-2be5d6724ab1', 'e86d2351-6a79-4f1c-b4f5-0b4df14ae9b2');
insert into crowdfunding_platform.campaign_dislike(user_id, campaign_id) values ('39e90155-5027-454b-8e38-7195f5600585', '71bb2f77-dcd1-4006-aead-a19c538f2386');
insert into crowdfunding_platform.campaign_dislike(user_id, campaign_id) values ('4d0fc644-c097-4fac-a93e-2be5d6724ab1', '2812905c-d9b1-405a-8561-bfa1f7a306e6');
insert into crowdfunding_platform.campaign_dislike(user_id, campaign_id) values ('39e90155-5027-454b-8e38-7195f5600585', '2812905c-d9b1-405a-8561-bfa1f7a306e6');
insert into crowdfunding_platform.campaign_dislike(user_id, campaign_id) values ('03e6246a-7768-42b1-a39d-61ad4f6ec402', '2812905c-d9b1-405a-8561-bfa1f7a306e6');